{
    "50#500#1#100": {
        "Djikstra": 0.0007958412170410156,
        "Bellman-Ford": 0.003194093704223633,
        "Bellman-Ford-Efficient": 0.0004215240478515625,
        "Floyd-Warshall": 0.014647245407104492
    },
    "50#1000#1#10": {
        "Djikstra": 0.001005411148071289,
        "Bellman-Ford": 0.00466465950012207,
        "Bellman-Ford-Efficient": 0.0006308555603027344,
        "Floyd-Warshall": 0.01498556137084961
    },
    "100#1000#1#10": {
        "Djikstra": 0.002321481704711914,
        "Bellman-Ford": 0.009569406509399414,
        "Bellman-Ford-Efficient": 0.0010159015655517578,
        "Floyd-Warshall": 0.10739350318908691
    },
    "100#5000#1#100": {
        "Djikstra": 0.003841876983642578,
        "Bellman-Ford": 0.04423975944519043,
        "Bellman-Ford-Efficient": 0.003632783889770508,
        "Floyd-Warshall": 0.1128842830657959
    },
    "500#5000#1#10": {
        "Djikstra": 0.053324222564697266,
        "Bellman-Ford": 0.24659228324890137,
        "Bellman-Ford-Efficient": 0.014960527420043945,
        "Floyd-Warshall": 13.291601181030273
    },
    "500#10000#1#100": {
        "Djikstra": 0.04863762855529785,
        "Bellman-Ford": 0.4805309772491455,
        "Bellman-Ford-Efficient": 0.019797325134277344,
        "Floyd-Warshall": 13.806186199188232
    },
    "1000#10000#1#100": {
        "Djikstra": 0.3076193332672119,
        "Bellman-Ford": 1.0511882305145264,
        "Bellman-Ford-Efficient": 0.060536861419677734,
        "Floyd-Warshall": 112.08679938316345
    },
    "1000#50000#1#10": {
        "Djikstra": 0.25911951065063477,
        "Bellman-Ford": 7.308493137359619,
        "Bellman-Ford-Efficient": 0.09277868270874023,
        "Floyd-Warshall": 120.77736616134644
    }
}